WF_vco_hb_avdd13_sw,1214.0
WF_vco_hb_reg_vco,1111.2587548638132
WF_vco_hb_reg_buf,1062.914275291829
WF_vco_hb_avdd13_sw,1214.0
WF_vco_hb_reg_vco,1138.6416585603113
WF_vco_hb_reg_buf,1062.1392874513617
WF_vco_hb_avdd13_sw,1214.0
WF_vco_hb_reg_vco,1156.5032830739299
WF_vco_hb_reg_buf,1062.1392874513617
WF_vco_hb_avdd13_sw,1214.0
WF_vco_hb_reg_vco,1158.5699173151752
WF_vco_hb_reg_buf,1061.954766536965
