Info:,pwr18,rate 2 0,testmode20_2025_0801_1716_spwr_hik.bin,8820

ch,rate,freq1,pwr1
7,0.2,502.1,-54.97
7,0.4,975.55,-74.99
7,0.6000000000000001,1463.9,-50.67
7,0.8,1953.6,-48.87
7,1.0,2441.05,-10.49
7,1.2000000000000002,2945.45,-53.01
7,1.4000000000000001,3419.15,-61.39
7,1.6,3907.2,-50.85
