Info:,pwr18,rate 2 0,testmode20_2025_0801_1716_spwr_hik.bin,8820

ch,rate,freq1,pwr1
7,0.2,494.35,-64.21
7,0.4,969.3,-74.3
7,0.6000000000000001,1463.95,-50.08
7,0.8,1953.6,-49.01
7,1.0,2445.75,-9.3
7,1.2000000000000002,2931.15,-53.58
7,1.4000000000000001,3418.8,-61.58
7,1.6,3907.2,-51.12
